<?xml version="1.0" encoding="UTF-8"?>
<!DOCTYPE mapper PUBLIC "-//mybatis.org//DTD Mapper 3.0//EN"
    "http://mybatis.org/dtd/mybatis-3-mapper.dtd">
    
 <mapper namespace="com.fw.shopping.order.repository.IOrderMapper">
     
	<resultMap id = "OrderJoinMap" type = "com.fw.shopping.order.model.OrderJoinVO">	
		<id property="orderDetailNo" column="order_detail_no"/>
		<result property="orderStock" column="order_stock"/>
		<result property="deliveryStatus" column="delivery_status"/>
		<result property="invoiceNo" column="invoice_no"/>
		<result property="orderStatus" column="order_status"/>
		
		<result property="orderId" column="order_id"/>
		<result property="orderRegDate" column="order_reg_date"/>
		<result property="orderPrice" column="order_price"/>
		
		<result property="gdsNo" column="gds_no"/>
		<result property="gdsName" column="gds_name"/>
		<result property="gdsPrice" column="gds_price"/>
		
		<result property="optionNo" column="option_no"/>
		<result property="optionName" column="option_name"/>
		<result property="optionAddPrice" column="option_add_price"/>
	</resultMap>	


	<insert id="addOrder">
		INSERT INTO order_tb
		(order_id, order_person, order_addr1, order_addr2, order_phone, order_price, user_no) 
		VALUES (#{orderId}, #{orderPerson}, #{orderAddr1}, #{orderAddr2}, #{orderPhone}, #{orderPrice}, #{userNo})
	</insert>

	<insert id="addOdrDetail">
		INSERT INTO order_detail_tb
		(order_stock, delivery_status, invoice_no, gds_no, order_id, option_no) 
		VALUES (#{orderStock}, 2, 0, #{gdsNo}, #{orderId}, #{optionNo})
	</insert>
	
	<select id="getOrderList" resultType="String">
		SELECT * 
		FROM order_tb	
		ORDER BY order_id DESC 
		LIMIT #{pageStart}, 20
	</select>
	
	<select id="getOdrDetailList" resultMap="OrderJoinMap">
		SELECT * 
		FROM order_detail_tb
		WHERE order_id=#{orderId}
	</select>
	
	 <select id="getMyOrderList" resultMap="OrderJoinMap">
 		SELECT
			myOd.*,
			gds.gds_name, gds.gds_price,
			opt.option_name, opt.option_add_price
		FROM
			(SELECT 
				od.order_id, od.order_reg_date, od.order_price,
				odd.order_detail_no, odd.order_stock, odd.order_status, odd.delivery_status, odd.invoice_no,
				odd.option_no, odd.gds_no
			FROM order_detail_tb odd
			JOIN order_tb od ON od.order_id = odd.order_id
			WHERE user_no=#{userNo}) myOd
		JOIN goods_tb gds ON gds.gds_no = myOd.gds_no
		JOIN option_tb opt ON opt.option_no = myOd.option_no
   </select>
		
	<select id="getOrderInfo" resultMap="OrderJoinMap">
		SELECT * 
		FROM order_tb, order_detail_tb
		WHERE order_tb.order_id = order_detail_tb.order_id
		AND order_tb.order_id =  #{orderId}
	</select>

	<select id="getOdDetailNoList" resultMap="OrderJoinMap">
		SELECT * 
		FROM order_tb, order_detail_tb
		WHERE order_tb.order_id = order_detail_tb.order_id
		AND order_detail_tb.order_detail_no = #{orderDetailNo}
	</select>
	
	<update id = "enrollInvoiceNo">
		UPDATE order_detail_tb
		SET invoice_no = #{invoiceNo}
		WHERE order_detail_no = #{orderDetailNo}
	</update>
		
	<update id = "deliveryComplete">
		UPDATE order_detail_tb
		SET delivery_status = 5
		WHERE order_detail_no = #{orderDetailNo}
	</update>
			
	<update id="orderStatus">
		UPDATE order_detail_tb
		SET order_status=#{orderStatus}
		WHERE order_detail_no=#{orderDetailNo}
	</update>
	
	<select id="orderDetPrice" resultMap="OrderJoinMap">
		SELECT od.order_id, od.order_detail_no, od.gds_no, od.option_no, od.order_stock,
	   	gds.gds_price,opt.option_add_price, od.order_stock*(gds.gds_price+opt.option_add_price) sum
		FROM order_detail_tb od
		LEFT OUTER JOIN goods_tb gds ON od.gds_no=gds.gds_no
		LEFT OUTER JOIN option_tb opt ON od.option_no=opt.option_no
		WHERE od.order_id={orderDetailNo};
	</select>
	
	
	
</mapper>    