<?xml version="1.0" encoding="UTF-8"?>
<!DOCTYPE mapper PUBLIC "-//mybatis.org//DTD Mapper 3.0//EN"
    "http://mybatis.org/dtd/mybatis-3-mapper.dtd">
    
 <mapper namespace="com.fw.shopping.qna.repository.IQnaMapper">

	<resultMap id="QnaMap" type="com.fw.shopping.qna.model.QnaVO">
		<id property="qnaNo" column="qna_no"/>
		<result property="gdsNo" column="gds_no"/>
		<result property="userNo" column="user_no"/>
		<result property="qnaRef" column="qna_ref"/>
		<result property="qnaTitle" column="qna_title"/>
		<result property="qnaContent" column="qna_content"/>
		<result property="qnaStatus" column="qna_status"/>
		<result property="qnaRegDate" column="qna_reg_date"/>
	</resultMap>
	
	<sql id="sorting">

		<!-- 답변해야 할 qna -->
		<if test="sort=='waitingQ'">
			where qna_no
				not in (
					select a.qna_no
					from qna_tb a
					join qna_tb b
					where a.qna_no=b.qna_ref)
			and qna_ref is null
		</if>
		
	</sql>
	
	

		<insert id="addQna">
			INSERT INTO qna_tb
			(gds_no, user_no, qna_status, qna_title, qna_content)
			VALUES (#{gdsNo}, #{userNo}, #{qnaStatus}, #{qnaTitle}, #{qnaContent})
		</insert>
		
		<insert id="addReQna">
			INSERT INTO qna_tb
			(gds_no, user_no, qna_status, qna_title, qna_ref, qna_content)
			VALUES (#{gdsNo}, #{userNo}, #{qnaStatus}, #{qnaTitle}, #{qnaRef}, #{qnaContent})
		</insert>
		
		<update id="modifyQna">
			UPDATE qna_tb
			SET qna_status=#{qnaStatus}, qna_title=#{qnaTitle}, qna_content=#{qnaContent}
			WHERE qna_no = #{qnaNo}
		</update>
		
		<delete id="deleteQna">
			DELETE FROM qna_tb
			WHERE qna_no=#{qnaNo}
		</delete>
		
		<select id="getQnaList" resultMap="QnaMap">
			SELECT * FROM qna_tb
			WHERE gds_no=#{gdsNo} and qna_ref is null
		</select>
		
		<select id="getReQnaList" resultMap="QnaMap">
			SELECT * FROM qna_tb
			WHERE gds_no=#{gdsNo} and qna_ref is not null
		</select>
		
		<select id="getQnaInfo" resultMap="QnaMap">
			SELECT * FROM qna_tb
			WHERE qna_no=#{qnaNo}
		</select>
		
		<select id="showQnaInfo" resultMap="QnaMap">
			SELECT * FROM qna_tb
			WHERE qna_no=#{qnaNo}
		</select>

		<select id="getMyQnaList" resultMap="QnaMap">
			SELECT *
			FROM qna_tb
			WHERE user_no=#{userNo}
		</select>
		
		<select id="getMemberName" resultType="String">
			select user_name
			from qna_tb
			join `shopping_mall`.`member_tb` 
			on member_tb.user_no = qna_tb.user_no
			where qna_tb.qna_no=#{qnaNo}
		</select>
		
		<select id="getMyReQnaList" resultMap="QnaMap">
			SELECT * FROM qna_tb
			WHERE qna_ref=#{qnaNo}
		</select>
		
			<!-- 관리자가 댓글을 달아야 할 qna 목록 -->
		<select id="getAdminQnaList" resultMap="QnaMap">
			select qna_no, gds_no, user_no, qna_ref, qna_status, qna_title, qna_content, qna_reg_date
			from qna_tb
			where qna_no
				not in (
					select a.qna_no
					from qna_tb a
					join qna_tb b
					where a.qna_no=b.qna_ref)
			and qna_ref is null
			LIMIT #{pageStart}, #{countPerPage}
		</select>
		
		<select id="countQna" resultType="int">
			select count(*)
			from qna_tb
			<include refid="sorting"/>
		</select>
		
</mapper>    