<?xml version="1.0" encoding="UTF-8"?>
<beans xmlns="http://www.springframework.org/schema/beans"
	xmlns:xsi="http://www.w3.org/2001/XMLSchema-instance"
	xmlns:mybatis-spring="http://mybatis.org/schema/mybatis-spring"
	xsi:schemaLocation="http://mybatis.org/schema/mybatis-spring http://mybatis.org/schema/mybatis-spring-1.2.xsd
		http://www.springframework.org/schema/beans https://www.springframework.org/schema/beans/spring-beans.xsd">

	<!-- MultipartResolver bean객체 등록. 이 객체는 Multipart 객체를 컨트롤러에 전달하는 역할을 한다. -->
	<bean id="multipartResolver" class="org.springframework.web.multipart.commons.CommonsMultipartResolver">
    	          <!-- 최대업로드 가능한 바이트크기 -->
         <property name="maxUploadSize" value="52428800" />
    	 <property name="defaultEncoding" value="utf-8" />
    </bean>
   
    	
	<!-- 히카리 커넥션풀 빈 등록 -->
	<bean id="hikariConfig" class="com.zaxxer.hikari.HikariConfig">
		<property name="driverClassName" value="com.mysql.cj.jdbc.Driver" />
		<property name="jdbcUrl" value="jdbc:mysql://localhost:3306/shopping_mall?serverTimezone=Asia/Seoul" />
		<property name="username" value="root" />
		<property name="password" value="mysql" />		
	</bean>

		<!-- 데이터 소스 객체 빈 등록 -->
	<bean id="ds" class="com.zaxxer.hikari.HikariDataSource">
		<constructor-arg ref="hikariConfig" />
	</bean>
	
	<!-- MyBatis 핵심객체 SqlSessionFactory 빈 등록 -->
	<bean id="sqlSessionFactory" class="org.mybatis.spring.SqlSessionFactoryBean">
		<property name="dataSource" ref="ds" />
		<property name="mapperLocations" value="classpath:/mappers/**/*Mapper.xml" />
	</bean>
	
	<bean id="mailSender" class="org.springframework.mail.javamail.JavaMailSenderImpl">
		<property name="host" value="smtp.gmail.com" />
		<property name="port" value="25" />
		<property name="username" value="KGWebPj2020@gmail.com" />	
		<property name="password" value="teamproject!" />
		<property name="javaMailProperties"> 
		<props> 
            <prop key="mail.smtp.auth">true</prop>
            <prop key="mail.smtp.starttls.enable">true</prop>
		</props>
	</property>

	</bean>

	
	<!-- 매퍼의 인터페이스를 스캔하는 설정 -->
	<mybatis-spring:scan base-package="com.fw.shopping.faq.repository"/>
	<mybatis-spring:scan base-package="com.fw.shopping.notice.repository"/>
	<mybatis-spring:scan base-package="com.fw.shopping.mypage.repository"/>
	<mybatis-spring:scan base-package="com.fw.shopping.goods.repository"/>
	<mybatis-spring:scan base-package="com.fw.shopping.member.repository"/>
	<mybatis-spring:scan base-package="com.fw.shopping.cart.repository"/> 
	<mybatis-spring:scan base-package="com.fw.shopping.order.repository"/>
	<mybatis-spring:scan base-package="com.fw.shopping.qna.repository"/>
	<mybatis-spring:scan base-package="com.fw.shopping.review.repository"/>
	<mybatis-spring:scan base-package="com.fw.shopping.category.repository"/>


		
</beans>

