<?xml version="1.0" encoding="UTF-8"?>
<beans:beans xmlns="http://www.springframework.org/schema/mvc"
	xmlns:xsi="http://www.w3.org/2001/XMLSchema-instance"
	xmlns:beans="http://www.springframework.org/schema/beans"
	xmlns:context="http://www.springframework.org/schema/context"
	xsi:schemaLocation="http://www.springframework.org/schema/mvc https://www.springframework.org/schema/mvc/spring-mvc.xsd
		http://www.springframework.org/schema/beans https://www.springframework.org/schema/beans/spring-beans.xsd
		http://www.springframework.org/schema/context https://www.springframework.org/schema/context/spring-context.xsd">

	<!-- DispatcherServlet Context: defines this servlet's request-processing infrastructure -->
	
	<!-- Enables the Spring MVC @Controller programming model -->
	<annotation-driven />

	<!-- Handles HTTP GET requests for /resources/** by efficiently serving up static resources in the ${webappRoot}/resources directory -->
	<resources mapping="/resources/**" location="/resources/" />
	<resources mapping="/upload/**" location="file:/upload/" />

	<!-- Resolves views selected for rendering by @Controllers to .jsp resources in the /WEB-INF/views directory -->
	<beans:bean class="org.springframework.web.servlet.view.InternalResourceViewResolver">
		<beans:property name="prefix" value="/WEB-INF/views/" />
		<beans:property name="suffix" value=".jsp" />
	</beans:bean>
	
	
		<!-- 인터섹터 빈 등록 -->
	<beans:bean id="AdminInterceptor" class="com.fw.shopping.commons.interceptor.AdminInterceptor"/>
	<beans:bean id="LoginInterceptor" class="com.fw.shopping.commons.interceptor.LoginInterceptor"/>
	
	<interceptors>
		<interceptor> <!-- 참고: 인터셉터는 get요청만 막아줄 수 있다.즉, 특정 페이지로의 이동을 막아 그 뒤의 기능을 하지 못하게 해야한다. -->
			<mapping path="/admin/**"/>
			<beans:ref bean="AdminInterceptor"/>		
		</interceptor>
		
		<interceptor>
			<mapping path="/mypage/**"/>
			<beans:ref bean="LoginInterceptor"/>
		</interceptor>

	</interceptors>
	
	<context:component-scan base-package="com.fw.shopping" />
	
	
	
</beans:beans>
